Experiment parameters,,,,,
parameter,value,,,,
title,Super Resolution Color Imaging,,,,
experiment type,Paired Comparison,,,,
delay between stimuli switching,200ms,,,,
Background colour,#808080,,,,
Stimuli spacing,15px,,,,
Same pair twice (flipped),no,,,,
Show original,no,,,,
,,,,,
Image sets,,,,,
set name,file name,,,,
0896,0896.png (reference/original),,,,
0896,0896_BSRGAN.png,,,,
0896,0896_RealESRGAN.png,,,,
0896,0896_ResShift.png,,,,
0896,0896_SwinIR.png,,,,
0887,0887_BSRGAN.png,,,,
0887,0887_RealESRGAN.png,,,,
0887,0887_ResShift.png,,,,
0887,0887_SwinIR.png,,,,
0887,0887.png (reference/original),,,,
0874,0874_BSRGAN.png,,,,
0874,0874_RealESRGAN.png,,,,
0874,0874_ResShift.png,,,,
0874,0874_SwinIR.png,,,,
0874,0874.png (reference/original),,,,
0862,0862_BSRGAN.png,,,,
0862,0862_RealESRGAN.png,,,,
0862,0862_ResShift.png,,,,
0862,0862_SwinIR.png,,,,
0862,0862.png (reference/original),,,,
0841,0841_BSRGAN.png,,,,
0841,0841_RealESRGAN.png,,,,
0841,0841_ResShift.png,,,,
0841,0841_SwinIR.png,,,,
0841,0841.png (reference/original),,,,
0837,0837_BSRGAN.png,,,,
0837,0837_RealESRGAN.png,,,,
0837,0837_ResShift.png,,,,
0837,0837_SwinIR.png,,,,
0837,0837.png (reference/original),,,,
0825,0825_BSRGAN.png,,,,
0825,0825_RealESRGAN.png,,,,
0825,0825_ResShift.png,,,,
0825,0825_SwinIR.png,,,,
0825,0825.png (reference/original),,,,
0819,0819_BSRGAN.png,,,,
0819,0819_RealESRGAN.png,,,,
0819,0819_ResShift.png,,,,
0819,0819_SwinIR.png,,,,
0819,0819.png (reference/original),,,,
0814,0814_BSRGAN.png,,,,
0814,0814_RealESRGAN.png,,,,
0814,0814_ResShift.png,,,,
0814,0814_SwinIR.png,,,,
0814,0814.png (reference/original),,,,
0809,0809_BSRGAN.png,,,,
0809,0809_RealESRGAN.png,,,,
0809,0809_ResShift.png,,,,
0809,0809_SwinIR.png,,,,
0809,0809.png (reference/original),,,,
,,,,,
Observers,,,,,
user ID,vision,post evalutation,degree,,
2644,,,,,
2562,,,,,
2562,,,,,
2562,,,,,
2644,,,,,
2642,,,,,
2642,,,,,
2642,,,,,
2642,,,,,
2642,,,,,
2642,,,,,
2642,,,,,
2642,,,,,
2642,,,,,
2642,,,,,
,,,,,
Stimuli Results,,,,,
observer id,session id,left image,right image,selected image,time spent (in seconds)
2644,6951,0809_ResShift.png,0809_BSRGAN.png,0809_ResShift.png,4
2644,6951,0809_BSRGAN.png,0809_SwinIR.png,0809_SwinIR.png,5
2644,6951,0809_RealESRGAN.png,0809_ResShift.png,0809_ResShift.png,6
2644,6951,0809_RealESRGAN.png,0809_SwinIR.png,0809_SwinIR.png,9
2644,6951,0809_SwinIR.png,0809_ResShift.png,0809_ResShift.png,7
2644,6951,0809_BSRGAN.png,0809_RealESRGAN.png,0809_BSRGAN.png,2
2644,6951,0825_ResShift.png,0825_RealESRGAN.png,0825_ResShift.png,2
2644,6951,0825_BSRGAN.png,0825_ResShift.png,0825_ResShift.png,1
2644,6951,0825_RealESRGAN.png,0825_BSRGAN.png,0825_RealESRGAN.png,1
2644,6951,0825_ResShift.png,0825_SwinIR.png,0825_ResShift.png,1
2644,6951,0825_RealESRGAN.png,0825_SwinIR.png,0825_RealESRGAN.png,1
2644,6951,0825_BSRGAN.png,0825_SwinIR.png,0825_SwinIR.png,4
2644,6951,0841_ResShift.png,0841_SwinIR.png,0841_ResShift.png,2
2644,6951,0841_RealESRGAN.png,0841_SwinIR.png,0841_RealESRGAN.png,1
2644,6951,0841_RealESRGAN.png,0841_ResShift.png,0841_ResShift.png,4
2644,6951,0841_ResShift.png,0841_BSRGAN.png,0841_ResShift.png,2
2644,6951,0841_BSRGAN.png,0841_RealESRGAN.png,0841_RealESRGAN.png,2
2644,6951,0841_SwinIR.png,0841_BSRGAN.png,0841_SwinIR.png,1
2644,6951,0862_SwinIR.png,0862_ResShift.png,0862_ResShift.png,2
2644,6951,0862_RealESRGAN.png,0862_ResShift.png,0862_RealESRGAN.png,1
2644,6951,0862_BSRGAN.png,0862_ResShift.png,0862_BSRGAN.png,10
2644,6951,0862_RealESRGAN.png,0862_BSRGAN.png,0862_RealESRGAN.png,2
2644,6951,0862_SwinIR.png,0862_BSRGAN.png,0862_BSRGAN.png,3
2644,6951,0862_RealESRGAN.png,0862_SwinIR.png,0862_RealESRGAN.png,1
2644,6951,0874_RealESRGAN.png,0874_BSRGAN.png,0874_RealESRGAN.png,3
2644,6951,0874_SwinIR.png,0874_RealESRGAN.png,0874_SwinIR.png,7
2644,6951,0874_RealESRGAN.png,0874_ResShift.png,0874_ResShift.png,1
2644,6951,0874_SwinIR.png,0874_ResShift.png,0874_SwinIR.png,11
2644,6951,0874_BSRGAN.png,0874_SwinIR.png,0874_BSRGAN.png,1
2644,6951,0874_ResShift.png,0874_BSRGAN.png,0874_ResShift.png,2
2644,6951,0814_SwinIR.png,0814_ResShift.png,0814_SwinIR.png,2
2644,6951,0814_RealESRGAN.png,0814_BSRGAN.png,0814_RealESRGAN.png,2
2644,6951,0814_SwinIR.png,0814_BSRGAN.png,0814_SwinIR.png,1
2644,6951,0814_BSRGAN.png,0814_ResShift.png,0814_ResShift.png,3
2644,6951,0814_RealESRGAN.png,0814_ResShift.png,0814_RealESRGAN.png,6
2644,6951,0814_RealESRGAN.png,0814_SwinIR.png,0814_SwinIR.png,5
2644,6951,0896_RealESRGAN.png,0896_BSRGAN.png,0896_RealESRGAN.png,7
2644,6951,0896_BSRGAN.png,0896_ResShift.png,0896_ResShift.png,1
2644,6951,0896_SwinIR.png,0896_BSRGAN.png,0896_SwinIR.png,1
2644,6951,0896_ResShift.png,0896_SwinIR.png,0896_ResShift.png,1
2644,6951,0896_SwinIR.png,0896_RealESRGAN.png,0896_RealESRGAN.png,10
2644,6951,0896_RealESRGAN.png,0896_ResShift.png,0896_ResShift.png,1
2644,6951,0887_BSRGAN.png,0887_ResShift.png,0887_ResShift.png,23
2644,6951,0887_BSRGAN.png,0887_RealESRGAN.png,0887_BSRGAN.png,4
2644,6951,0887_RealESRGAN.png,0887_SwinIR.png,0887_RealESRGAN.png,1
2644,6951,0887_BSRGAN.png,0887_SwinIR.png,0887_SwinIR.png,2
2644,6951,0887_SwinIR.png,0887_ResShift.png,0887_ResShift.png,2
2644,6951,0887_RealESRGAN.png,0887_ResShift.png,0887_ResShift.png,7
2644,6951,0819_SwinIR.png,0819_RealESRGAN.png,0819_RealESRGAN.png,8
2644,6951,0819_ResShift.png,0819_BSRGAN.png,0819_ResShift.png,7
2644,6951,0819_ResShift.png,0819_RealESRGAN.png,0819_RealESRGAN.png,2
2644,6951,0819_BSRGAN.png,0819_SwinIR.png,0819_SwinIR.png,4
2644,6951,0819_ResShift.png,0819_SwinIR.png,0819_ResShift.png,2
2644,6951,0819_RealESRGAN.png,0819_BSRGAN.png,0819_BSRGAN.png,5
2644,6951,0837_ResShift.png,0837_BSRGAN.png,0837_ResShift.png,3
2644,6951,0837_BSRGAN.png,0837_SwinIR.png,0837_BSRGAN.png,3
2644,6951,0837_BSRGAN.png,0837_RealESRGAN.png,0837_BSRGAN.png,5
2644,6951,0837_RealESRGAN.png,0837_ResShift.png,0837_ResShift.png,4
2644,6951,0837_SwinIR.png,0837_ResShift.png,0837_ResShift.png,1
2644,6951,0837_SwinIR.png,0837_RealESRGAN.png,0837_RealESRGAN.png,14
2562,6956,0814_RealESRGAN.png,0814_SwinIR.png,0814_SwinIR.png,4
2562,6956,0814_BSRGAN.png,0814_SwinIR.png,0814_BSRGAN.png,8
2562,6956,0814_SwinIR.png,0814_ResShift.png,0814_SwinIR.png,9
2562,6956,0814_BSRGAN.png,0814_RealESRGAN.png,0814_RealESRGAN.png,3
2562,6956,0814_ResShift.png,0814_BSRGAN.png,0814_BSRGAN.png,5
2562,6956,0814_RealESRGAN.png,0814_ResShift.png,0814_RealESRGAN.png,3
2562,6956,0825_BSRGAN.png,0825_ResShift.png,0825_BSRGAN.png,2
2562,6956,0825_SwinIR.png,0825_ResShift.png,0825_ResShift.png,2
2562,6956,0825_BSRGAN.png,0825_SwinIR.png,0825_SwinIR.png,7
2562,6956,0825_BSRGAN.png,0825_RealESRGAN.png,0825_RealESRGAN.png,11
2562,6956,0825_RealESRGAN.png,0825_SwinIR.png,0825_SwinIR.png,2
2562,6956,0825_RealESRGAN.png,0825_ResShift.png,0825_ResShift.png,3
2562,6956,0841_BSRGAN.png,0841_SwinIR.png,0841_BSRGAN.png,3
2562,6956,0841_BSRGAN.png,0841_ResShift.png,0841_BSRGAN.png,3
2562,6956,0841_ResShift.png,0841_SwinIR.png,0841_SwinIR.png,5
2562,6956,0841_ResShift.png,0841_RealESRGAN.png,0841_ResShift.png,3
2562,6956,0841_RealESRGAN.png,0841_BSRGAN.png,0841_BSRGAN.png,6
2562,6956,0841_RealESRGAN.png,0841_SwinIR.png,0841_SwinIR.png,6
2562,6956,0896_RealESRGAN.png,0896_SwinIR.png,0896_SwinIR.png,13
2562,6956,0896_BSRGAN.png,0896_SwinIR.png,0896_BSRGAN.png,5
2562,6956,0896_SwinIR.png,0896_ResShift.png,0896_SwinIR.png,7
2562,6956,0896_ResShift.png,0896_BSRGAN.png,0896_BSRGAN.png,6
2562,6956,0896_RealESRGAN.png,0896_ResShift.png,0896_ResShift.png,1
2562,6956,0896_RealESRGAN.png,0896_BSRGAN.png,0896_RealESRGAN.png,2
2562,6956,0837_SwinIR.png,0837_RealESRGAN.png,0837_SwinIR.png,4
2562,6956,0837_SwinIR.png,0837_BSRGAN.png,0837_SwinIR.png,3
2562,6956,0837_BSRGAN.png,0837_RealESRGAN.png,0837_BSRGAN.png,6
2562,6956,0837_SwinIR.png,0837_ResShift.png,0837_ResShift.png,2
2562,6956,0837_ResShift.png,0837_RealESRGAN.png,0837_RealESRGAN.png,2
2562,6956,0837_ResShift.png,0837_BSRGAN.png,0837_ResShift.png,3
2562,6956,0809_ResShift.png,0809_SwinIR.png,0809_ResShift.png,8
2562,6956,0809_BSRGAN.png,0809_ResShift.png,0809_ResShift.png,1
2562,6956,0809_BSRGAN.png,0809_SwinIR.png,0809_SwinIR.png,2
2562,6956,0809_BSRGAN.png,0809_RealESRGAN.png,0809_RealESRGAN.png,3
2562,6956,0809_RealESRGAN.png,0809_SwinIR.png,0809_SwinIR.png,1
2562,6956,0809_RealESRGAN.png,0809_ResShift.png,0809_ResShift.png,4
2562,6956,0874_ResShift.png,0874_SwinIR.png,0874_ResShift.png,11
2562,6956,0874_RealESRGAN.png,0874_SwinIR.png,0874_RealESRGAN.png,3
2562,6956,0874_ResShift.png,0874_RealESRGAN.png,0874_ResShift.png,7
2562,6956,0874_BSRGAN.png,0874_ResShift.png,0874_ResShift.png,1
2562,6956,0874_RealESRGAN.png,0874_BSRGAN.png,0874_BSRGAN.png,3
2562,6956,0874_BSRGAN.png,0874_SwinIR.png,0874_SwinIR.png,1
2562,6956,0819_ResShift.png,0819_RealESRGAN.png,0819_RealESRGAN.png,6
2562,6956,0819_SwinIR.png,0819_RealESRGAN.png,0819_RealESRGAN.png,4
2562,6956,0819_SwinIR.png,0819_BSRGAN.png,0819_SwinIR.png,1
2562,6956,0819_RealESRGAN.png,0819_BSRGAN.png,0819_RealESRGAN.png,2
2562,6956,0819_SwinIR.png,0819_ResShift.png,0819_ResShift.png,2
2562,6956,0819_BSRGAN.png,0819_ResShift.png,0819_ResShift.png,1
2562,6956,0887_BSRGAN.png,0887_SwinIR.png,0887_SwinIR.png,8
2562,6956,0887_BSRGAN.png,0887_ResShift.png,0887_ResShift.png,3
2562,6956,0887_RealESRGAN.png,0887_ResShift.png,0887_ResShift.png,2
2562,6956,0887_RealESRGAN.png,0887_SwinIR.png,0887_SwinIR.png,4
2562,6956,0887_BSRGAN.png,0887_RealESRGAN.png,0887_RealESRGAN.png,4
2562,6956,0887_ResShift.png,0887_SwinIR.png,0887_ResShift.png,5
2562,6956,0862_RealESRGAN.png,0862_ResShift.png,0862_ResShift.png,3
2562,6956,0862_ResShift.png,0862_SwinIR.png,0862_ResShift.png,3
2562,6956,0862_RealESRGAN.png,0862_BSRGAN.png,0862_RealESRGAN.png,4
2562,6956,0862_BSRGAN.png,0862_ResShift.png,0862_BSRGAN.png,2
2562,6956,0862_SwinIR.png,0862_RealESRGAN.png,0862_SwinIR.png,2
2562,6956,0862_BSRGAN.png,0862_SwinIR.png,0862_BSRGAN.png,2
2562,6958,0887_SwinIR.png,0887_ResShift.png,0887_SwinIR.png,40
2562,6958,0887_SwinIR.png,0887_BSRGAN.png,0887_SwinIR.png,12
2562,6958,0887_RealESRGAN.png,0887_BSRGAN.png,0887_RealESRGAN.png,49
2562,6958,0887_RealESRGAN.png,0887_SwinIR.png,0887_SwinIR.png,38
2562,6958,0887_BSRGAN.png,0887_ResShift.png,0887_ResShift.png,5
2562,6958,0887_RealESRGAN.png,0887_ResShift.png,0887_ResShift.png,3
2562,6958,0819_ResShift.png,0819_RealESRGAN.png,0819_ResShift.png,11
2562,6958,0819_ResShift.png,0819_BSRGAN.png,0819_ResShift.png,2
2562,6958,0819_RealESRGAN.png,0819_SwinIR.png,0819_RealESRGAN.png,6
2562,6958,0819_RealESRGAN.png,0819_BSRGAN.png,0819_RealESRGAN.png,1
2562,6958,0819_SwinIR.png,0819_ResShift.png,0819_ResShift.png,8
2562,6958,0819_SwinIR.png,0819_BSRGAN.png,0819_SwinIR.png,12
2562,6958,0874_ResShift.png,0874_BSRGAN.png,0874_ResShift.png,5
2562,6958,0874_SwinIR.png,0874_ResShift.png,0874_ResShift.png,1
2562,6958,0874_SwinIR.png,0874_BSRGAN.png,0874_SwinIR.png,40
2562,6958,0874_RealESRGAN.png,0874_SwinIR.png,0874_SwinIR.png,15
2562,6958,0874_ResShift.png,0874_RealESRGAN.png,0874_ResShift.png,4
2562,6958,0874_RealESRGAN.png,0874_BSRGAN.png,0874_RealESRGAN.png,6
2562,6958,0825_ResShift.png,0825_BSRGAN.png,0825_ResShift.png,7
2562,6958,0825_BSRGAN.png,0825_RealESRGAN.png,0825_RealESRGAN.png,2
2562,6958,0825_ResShift.png,0825_SwinIR.png,0825_ResShift.png,1
2562,6958,0825_RealESRGAN.png,0825_SwinIR.png,0825_RealESRGAN.png,3
2562,6958,0825_BSRGAN.png,0825_SwinIR.png,0825_BSRGAN.png,28
2562,6958,0825_ResShift.png,0825_RealESRGAN.png,0825_ResShift.png,1
2562,6958,0814_ResShift.png,0814_RealESRGAN.png,0814_ResShift.png,13
2562,6958,0814_SwinIR.png,0814_ResShift.png,0814_ResShift.png,1
2562,6958,0814_BSRGAN.png,0814_SwinIR.png,0814_BSRGAN.png,15
2562,6958,0814_RealESRGAN.png,0814_BSRGAN.png,0814_BSRGAN.png,3
2562,6958,0814_BSRGAN.png,0814_ResShift.png,0814_BSRGAN.png,3
2562,6958,0814_SwinIR.png,0814_RealESRGAN.png,0814_RealESRGAN.png,2
2562,6958,0809_RealESRGAN.png,0809_ResShift.png,0809_ResShift.png,17
2562,6958,0809_ResShift.png,0809_SwinIR.png,0809_SwinIR.png,8
2562,6958,0809_RealESRGAN.png,0809_SwinIR.png,0809_SwinIR.png,18
2562,6958,0809_BSRGAN.png,0809_SwinIR.png,0809_SwinIR.png,1
2562,6958,0809_BSRGAN.png,0809_ResShift.png,0809_ResShift.png,8
2562,6958,0809_RealESRGAN.png,0809_BSRGAN.png,0809_RealESRGAN.png,15
2562,6958,0841_ResShift.png,0841_RealESRGAN.png,0841_ResShift.png,9
2562,6958,0841_SwinIR.png,0841_BSRGAN.png,0841_SwinIR.png,5
2562,6958,0841_RealESRGAN.png,0841_SwinIR.png,0841_SwinIR.png,3
2562,6958,0841_ResShift.png,0841_BSRGAN.png,0841_ResShift.png,15
2562,6958,0841_BSRGAN.png,0841_RealESRGAN.png,0841_BSRGAN.png,8
2562,6958,0841_ResShift.png,0841_SwinIR.png,0841_ResShift.png,3
2562,6958,0862_ResShift.png,0862_BSRGAN.png,0862_ResShift.png,10
2562,6958,0862_SwinIR.png,0862_BSRGAN.png,0862_BSRGAN.png,2
2562,6958,0862_ResShift.png,0862_SwinIR.png,0862_ResShift.png,1
2562,6958,0862_ResShift.png,0862_RealESRGAN.png,0862_ResShift.png,2
2562,6958,0862_RealESRGAN.png,0862_SwinIR.png,0862_RealESRGAN.png,4
2562,6958,0862_BSRGAN.png,0862_RealESRGAN.png,0862_BSRGAN.png,2
2562,6958,0837_RealESRGAN.png,0837_SwinIR.png,0837_RealESRGAN.png,8
2562,6958,0837_RealESRGAN.png,0837_BSRGAN.png,0837_RealESRGAN.png,2
2562,6958,0837_BSRGAN.png,0837_ResShift.png,0837_BSRGAN.png,7
2562,6958,0837_RealESRGAN.png,0837_ResShift.png,0837_RealESRGAN.png,2
2562,6958,0837_BSRGAN.png,0837_SwinIR.png,0837_BSRGAN.png,19
2562,6958,0837_ResShift.png,0837_SwinIR.png,0837_ResShift.png,2
2562,6958,0896_BSRGAN.png,0896_SwinIR.png,0896_BSRGAN.png,4
2562,6958,0896_RealESRGAN.png,0896_BSRGAN.png,0896_BSRGAN.png,10
2562,6958,0896_ResShift.png,0896_RealESRGAN.png,0896_ResShift.png,2
2562,6958,0896_SwinIR.png,0896_ResShift.png,0896_ResShift.png,1
2562,6958,0896_ResShift.png,0896_BSRGAN.png,0896_ResShift.png,2
2562,6958,0896_SwinIR.png,0896_RealESRGAN.png,0896_RealESRGAN.png,10
2562,6959,0837_SwinIR.png,0837_BSRGAN.png,0837_BSRGAN.png,6
2562,6959,0837_BSRGAN.png,0837_RealESRGAN.png,0837_RealESRGAN.png,1
2562,6959,0837_BSRGAN.png,0837_ResShift.png,0837_BSRGAN.png,1
2562,6959,0837_ResShift.png,0837_SwinIR.png,0837_SwinIR.png,0
2562,6959,0837_ResShift.png,0837_RealESRGAN.png,0837_ResShift.png,0
2562,6959,0837_SwinIR.png,0837_RealESRGAN.png,0837_RealESRGAN.png,0
2562,6959,0887_BSRGAN.png,0887_ResShift.png,0887_BSRGAN.png,0
2562,6959,0887_ResShift.png,0887_SwinIR.png,0887_SwinIR.png,0
2562,6959,0887_ResShift.png,0887_RealESRGAN.png,0887_ResShift.png,0
2562,6959,0887_SwinIR.png,0887_BSRGAN.png,0887_BSRGAN.png,0
2562,6959,0887_SwinIR.png,0887_RealESRGAN.png,0887_RealESRGAN.png,0
2562,6959,0887_RealESRGAN.png,0887_BSRGAN.png,0887_BSRGAN.png,1
2562,6959,0809_BSRGAN.png,0809_SwinIR.png,0809_SwinIR.png,1
2562,6959,0809_ResShift.png,0809_BSRGAN.png,0809_BSRGAN.png,0
2562,6959,0809_SwinIR.png,0809_ResShift.png,0809_ResShift.png,0
2562,6959,0809_ResShift.png,0809_RealESRGAN.png,0809_RealESRGAN.png,0
2562,6959,0809_BSRGAN.png,0809_RealESRGAN.png,0809_BSRGAN.png,0
2562,6959,0809_SwinIR.png,0809_RealESRGAN.png,0809_RealESRGAN.png,0
2562,6959,0841_BSRGAN.png,0841_ResShift.png,0841_ResShift.png,1
2562,6959,0841_BSRGAN.png,0841_SwinIR.png,0841_BSRGAN.png,1
2562,6959,0841_SwinIR.png,0841_RealESRGAN.png,0841_RealESRGAN.png,0
2562,6959,0841_ResShift.png,0841_SwinIR.png,0841_ResShift.png,0
2562,6959,0841_RealESRGAN.png,0841_BSRGAN.png,0841_BSRGAN.png,0
2562,6959,0841_RealESRGAN.png,0841_ResShift.png,0841_RealESRGAN.png,0
2562,6959,0896_RealESRGAN.png,0896_BSRGAN.png,0896_BSRGAN.png,0
2562,6959,0896_SwinIR.png,0896_RealESRGAN.png,0896_SwinIR.png,0
2562,6959,0896_ResShift.png,0896_BSRGAN.png,0896_BSRGAN.png,1
2562,6959,0896_ResShift.png,0896_RealESRGAN.png,0896_RealESRGAN.png,0
2562,6959,0896_BSRGAN.png,0896_SwinIR.png,0896_BSRGAN.png,0
2562,6959,0896_ResShift.png,0896_SwinIR.png,0896_SwinIR.png,0
2562,6959,0819_SwinIR.png,0819_ResShift.png,0819_SwinIR.png,0
2562,6959,0819_BSRGAN.png,0819_RealESRGAN.png,0819_BSRGAN.png,0
2562,6959,0819_SwinIR.png,0819_BSRGAN.png,0819_BSRGAN.png,0
2562,6959,0819_BSRGAN.png,0819_ResShift.png,0819_ResShift.png,1
2562,6959,0819_RealESRGAN.png,0819_SwinIR.png,0819_SwinIR.png,2
2562,6959,0819_RealESRGAN.png,0819_ResShift.png,0819_ResShift.png,1
2562,6959,0825_BSRGAN.png,0825_SwinIR.png,0825_BSRGAN.png,1
2562,6959,0825_SwinIR.png,0825_RealESRGAN.png,0825_RealESRGAN.png,0
2562,6959,0825_ResShift.png,0825_SwinIR.png,0825_ResShift.png,1
2562,6959,0825_RealESRGAN.png,0825_ResShift.png,0825_ResShift.png,0
2562,6959,0825_BSRGAN.png,0825_ResShift.png,0825_ResShift.png,1
2562,6959,0825_RealESRGAN.png,0825_BSRGAN.png,0825_RealESRGAN.png,1
2562,6959,0862_ResShift.png,0862_SwinIR.png,0862_SwinIR.png,0
2562,6959,0862_RealESRGAN.png,0862_ResShift.png,0862_ResShift.png,0
2562,6959,0862_BSRGAN.png,0862_ResShift.png,0862_ResShift.png,1
2562,6959,0862_RealESRGAN.png,0862_SwinIR.png,0862_RealESRGAN.png,0
2562,6959,0862_BSRGAN.png,0862_SwinIR.png,0862_SwinIR.png,0
2562,6959,0862_BSRGAN.png,0862_RealESRGAN.png,0862_RealESRGAN.png,1
2562,6959,0874_ResShift.png,0874_SwinIR.png,0874_SwinIR.png,0
2562,6959,0874_SwinIR.png,0874_RealESRGAN.png,0874_SwinIR.png,1
2562,6959,0874_BSRGAN.png,0874_ResShift.png,0874_ResShift.png,14
2562,6959,0874_RealESRGAN.png,0874_BSRGAN.png,0874_BSRGAN.png,5
2562,6959,0874_BSRGAN.png,0874_SwinIR.png,0874_BSRGAN.png,5
2562,6959,0874_ResShift.png,0874_RealESRGAN.png,0874_RealESRGAN.png,1
2562,6959,0814_SwinIR.png,0814_ResShift.png,0814_ResShift.png,2
2562,6959,0814_BSRGAN.png,0814_RealESRGAN.png,0814_BSRGAN.png,0
2562,6959,0814_SwinIR.png,0814_RealESRGAN.png,0814_RealESRGAN.png,0
2562,6959,0814_BSRGAN.png,0814_ResShift.png,0814_BSRGAN.png,1
2562,6959,0814_RealESRGAN.png,0814_ResShift.png,0814_ResShift.png,0
2562,6959,0814_SwinIR.png,0814_BSRGAN.png,0814_SwinIR.png,1
2644,6961,0809_BSRGAN.png,0809_RealESRGAN.png,0809_RealESRGAN.png,5
2644,6961,0809_RealESRGAN.png,0809_ResShift.png,0809_ResShift.png,2
2644,6961,0809_ResShift.png,0809_SwinIR.png,0809_ResShift.png,16
2644,6961,0809_BSRGAN.png,0809_ResShift.png,0809_ResShift.png,2
2644,6961,0809_RealESRGAN.png,0809_SwinIR.png,0809_SwinIR.png,2
2644,6961,0809_BSRGAN.png,0809_SwinIR.png,0809_SwinIR.png,1
2644,6961,0837_RealESRGAN.png,0837_BSRGAN.png,0837_BSRGAN.png,8
2644,6961,0837_SwinIR.png,0837_BSRGAN.png,0837_SwinIR.png,1
2644,6961,0837_RealESRGAN.png,0837_SwinIR.png,0837_SwinIR.png,1
2644,6961,0837_RealESRGAN.png,0837_ResShift.png,0837_RealESRGAN.png,2
2644,6961,0837_ResShift.png,0837_SwinIR.png,0837_SwinIR.png,1
2644,6961,0837_BSRGAN.png,0837_ResShift.png,0837_ResShift.png,2
2644,6961,0896_SwinIR.png,0896_BSRGAN.png,0896_SwinIR.png,7
2644,6961,0896_RealESRGAN.png,0896_BSRGAN.png,0896_BSRGAN.png,5
2644,6961,0896_ResShift.png,0896_SwinIR.png,0896_ResShift.png,1
2644,6961,0896_BSRGAN.png,0896_ResShift.png,0896_ResShift.png,2
2644,6961,0896_ResShift.png,0896_RealESRGAN.png,0896_ResShift.png,3
2644,6961,0896_SwinIR.png,0896_RealESRGAN.png,0896_SwinIR.png,3
2644,6961,0841_RealESRGAN.png,0841_SwinIR.png,0841_SwinIR.png,4
2644,6961,0841_BSRGAN.png,0841_ResShift.png,0841_ResShift.png,3
2644,6961,0841_SwinIR.png,0841_BSRGAN.png,0841_SwinIR.png,1
2644,6961,0841_RealESRGAN.png,0841_ResShift.png,0841_ResShift.png,1
2644,6961,0841_ResShift.png,0841_SwinIR.png,0841_ResShift.png,1
2644,6961,0841_BSRGAN.png,0841_RealESRGAN.png,0841_RealESRGAN.png,1
2644,6961,0814_BSRGAN.png,0814_ResShift.png,0814_ResShift.png,3
2644,6961,0814_RealESRGAN.png,0814_ResShift.png,0814_ResShift.png,6
2644,6961,0814_SwinIR.png,0814_RealESRGAN.png,0814_SwinIR.png,2
2644,6961,0814_RealESRGAN.png,0814_BSRGAN.png,0814_RealESRGAN.png,1
2644,6961,0814_SwinIR.png,0814_ResShift.png,0814_ResShift.png,1
2644,6961,0814_BSRGAN.png,0814_SwinIR.png,0814_SwinIR.png,1
2644,6961,0887_SwinIR.png,0887_RealESRGAN.png,0887_RealESRGAN.png,8
2644,6961,0887_SwinIR.png,0887_BSRGAN.png,0887_BSRGAN.png,1
2644,6961,0887_ResShift.png,0887_SwinIR.png,0887_ResShift.png,2
2644,6961,0887_RealESRGAN.png,0887_ResShift.png,0887_RealESRGAN.png,3
2644,6961,0887_BSRGAN.png,0887_RealESRGAN.png,0887_RealESRGAN.png,1
2644,6961,0887_BSRGAN.png,0887_ResShift.png,0887_ResShift.png,4
2644,6961,0825_SwinIR.png,0825_RealESRGAN.png,0825_SwinIR.png,9
2644,6961,0825_BSRGAN.png,0825_SwinIR.png,0825_SwinIR.png,2
2644,6961,0825_SwinIR.png,0825_ResShift.png,0825_SwinIR.png,1
2644,6961,0825_RealESRGAN.png,0825_BSRGAN.png,0825_RealESRGAN.png,2
2644,6961,0825_ResShift.png,0825_BSRGAN.png,0825_ResShift.png,2
2644,6961,0825_ResShift.png,0825_RealESRGAN.png,0825_ResShift.png,1
2644,6961,0819_RealESRGAN.png,0819_BSRGAN.png,0819_RealESRGAN.png,5
2644,6961,0819_ResShift.png,0819_RealESRGAN.png,0819_ResShift.png,8
2644,6961,0819_SwinIR.png,0819_BSRGAN.png,0819_SwinIR.png,2
2644,6961,0819_RealESRGAN.png,0819_SwinIR.png,0819_RealESRGAN.png,1
2644,6961,0819_SwinIR.png,0819_ResShift.png,0819_ResShift.png,2
2644,6961,0819_ResShift.png,0819_BSRGAN.png,0819_ResShift.png,3
2644,6961,0862_ResShift.png,0862_RealESRGAN.png,0862_ResShift.png,4
2644,6961,0862_SwinIR.png,0862_ResShift.png,0862_ResShift.png,1
2644,6961,0862_SwinIR.png,0862_RealESRGAN.png,0862_SwinIR.png,3
2644,6961,0862_RealESRGAN.png,0862_BSRGAN.png,0862_BSRGAN.png,8
2644,6961,0862_BSRGAN.png,0862_SwinIR.png,0862_BSRGAN.png,1
2644,6961,0862_ResShift.png,0862_BSRGAN.png,0862_ResShift.png,1
2644,6961,0874_SwinIR.png,0874_ResShift.png,0874_ResShift.png,3
2644,6961,0874_BSRGAN.png,0874_RealESRGAN.png,0874_BSRGAN.png,7
2644,6961,0874_RealESRGAN.png,0874_SwinIR.png,0874_RealESRGAN.png,1
2644,6961,0874_BSRGAN.png,0874_SwinIR.png,0874_SwinIR.png,1
2644,6961,0874_BSRGAN.png,0874_ResShift.png,0874_ResShift.png,1
2644,6961,0874_ResShift.png,0874_RealESRGAN.png,0874_ResShift.png,1
2642,6978,0887_BSRGAN.png,0887_SwinIR.png,0887_SwinIR.png,36
2642,6978,0887_ResShift.png,0887_BSRGAN.png,0887_ResShift.png,9
2642,6978,0887_RealESRGAN.png,0887_BSRGAN.png,0887_BSRGAN.png,18
2642,6978,0887_SwinIR.png,0887_RealESRGAN.png,0887_SwinIR.png,3
2642,6978,0887_ResShift.png,0887_RealESRGAN.png,0887_ResShift.png,17
2642,6978,0887_SwinIR.png,0887_ResShift.png,0887_ResShift.png,11
2642,6978,0841_SwinIR.png,0841_ResShift.png,0841_SwinIR.png,7
2642,6978,0841_SwinIR.png,0841_RealESRGAN.png,0841_SwinIR.png,33
2642,6978,0841_BSRGAN.png,0841_ResShift.png,0841_ResShift.png,5
2642,6978,0841_RealESRGAN.png,0841_BSRGAN.png,0841_RealESRGAN.png,5
2642,6978,0841_SwinIR.png,0841_BSRGAN.png,0841_BSRGAN.png,19
2642,6978,0841_RealESRGAN.png,0841_ResShift.png,0841_ResShift.png,21
2642,6978,0825_SwinIR.png,0825_RealESRGAN.png,0825_SwinIR.png,10
2642,6978,0825_ResShift.png,0825_RealESRGAN.png,0825_RealESRGAN.png,15
2642,6978,0825_BSRGAN.png,0825_ResShift.png,0825_ResShift.png,3
2642,6978,0825_BSRGAN.png,0825_RealESRGAN.png,0825_RealESRGAN.png,6
2642,6978,0825_BSRGAN.png,0825_SwinIR.png,0825_BSRGAN.png,8
2642,6978,0825_ResShift.png,0825_SwinIR.png,0825_SwinIR.png,8
2642,6978,0819_BSRGAN.png,0819_SwinIR.png,0819_SwinIR.png,17
2642,6978,0819_ResShift.png,0819_BSRGAN.png,0819_ResShift.png,4
2642,6978,0819_SwinIR.png,0819_ResShift.png,0819_SwinIR.png,6
2642,6978,0819_ResShift.png,0819_RealESRGAN.png,0819_ResShift.png,3
2642,6978,0819_RealESRGAN.png,0819_BSRGAN.png,0819_RealESRGAN.png,6
2642,6978,0819_RealESRGAN.png,0819_SwinIR.png,0819_RealESRGAN.png,4
2642,6978,0896_ResShift.png,0896_SwinIR.png,0896_ResShift.png,7
2642,6978,0896_SwinIR.png,0896_RealESRGAN.png,0896_RealESRGAN.png,10
2642,6978,0896_ResShift.png,0896_BSRGAN.png,0896_ResShift.png,2
2642,6978,0896_ResShift.png,0896_RealESRGAN.png,0896_ResShift.png,2
2642,6978,0896_BSRGAN.png,0896_SwinIR.png,0896_BSRGAN.png,5
2642,6978,0896_RealESRGAN.png,0896_BSRGAN.png,0896_RealESRGAN.png,9
2642,6978,0814_SwinIR.png,0814_RealESRGAN.png,0814_SwinIR.png,11
2642,6978,0814_ResShift.png,0814_RealESRGAN.png,0814_ResShift.png,3
2642,6978,0814_BSRGAN.png,0814_RealESRGAN.png,0814_RealESRGAN.png,3
2642,6978,0814_SwinIR.png,0814_BSRGAN.png,0814_SwinIR.png,9
2642,6978,0814_BSRGAN.png,0814_ResShift.png,0814_ResShift.png,1
2642,6978,0814_SwinIR.png,0814_ResShift.png,0814_SwinIR.png,21
2642,6978,0862_RealESRGAN.png,0862_BSRGAN.png,0862_RealESRGAN.png,9
2642,6978,0862_SwinIR.png,0862_ResShift.png,0862_ResShift.png,7
2642,6978,0862_ResShift.png,0862_BSRGAN.png,0862_BSRGAN.png,9
2642,6978,0862_SwinIR.png,0862_BSRGAN.png,0862_BSRGAN.png,4
2642,6978,0862_ResShift.png,0862_RealESRGAN.png,0862_ResShift.png,1
2642,6978,0862_SwinIR.png,0862_RealESRGAN.png,0862_RealESRGAN.png,2
2642,6978,0837_BSRGAN.png,0837_ResShift.png,0837_BSRGAN.png,33
2642,6978,0837_SwinIR.png,0837_ResShift.png,0837_SwinIR.png,1
2642,6978,0837_BSRGAN.png,0837_RealESRGAN.png,0837_BSRGAN.png,1
2642,6978,0837_RealESRGAN.png,0837_ResShift.png,0837_RealESRGAN.png,17
2642,6978,0837_SwinIR.png,0837_BSRGAN.png,0837_BSRGAN.png,4
2642,6978,0837_SwinIR.png,0837_RealESRGAN.png,0837_SwinIR.png,9
2642,6978,0809_RealESRGAN.png,0809_SwinIR.png,0809_SwinIR.png,3
2642,6978,0809_RealESRGAN.png,0809_ResShift.png,0809_ResShift.png,1
2642,6978,0809_SwinIR.png,0809_ResShift.png,0809_ResShift.png,1
2642,6978,0809_ResShift.png,0809_BSRGAN.png,0809_BSRGAN.png,1
2642,6978,0809_BSRGAN.png,0809_RealESRGAN.png,0809_RealESRGAN.png,2
2642,6978,0809_SwinIR.png,0809_BSRGAN.png,0809_SwinIR.png,6
2642,6978,0874_RealESRGAN.png,0874_ResShift.png,0874_RealESRGAN.png,7
2642,6978,0874_RealESRGAN.png,0874_SwinIR.png,0874_SwinIR.png,1
2642,6978,0874_BSRGAN.png,0874_SwinIR.png,0874_SwinIR.png,2
2642,6978,0874_ResShift.png,0874_SwinIR.png,0874_SwinIR.png,1
2642,6978,0874_BSRGAN.png,0874_RealESRGAN.png,0874_RealESRGAN.png,11
2642,6978,0874_BSRGAN.png,0874_ResShift.png,0874_BSRGAN.png,3
2642,6979,0896_SwinIR.png,0896_ResShift.png,0896_ResShift.png,34
2642,6979,0896_ResShift.png,0896_RealESRGAN.png,0896_RealESRGAN.png,2
2642,6979,0896_BSRGAN.png,0896_SwinIR.png,0896_BSRGAN.png,13
2642,6979,0896_BSRGAN.png,0896_RealESRGAN.png,0896_RealESRGAN.png,5
2642,6979,0896_ResShift.png,0896_BSRGAN.png,0896_ResShift.png,3
2642,6979,0896_SwinIR.png,0896_RealESRGAN.png,0896_RealESRGAN.png,3
2642,6979,0874_BSRGAN.png,0874_SwinIR.png,0874_BSRGAN.png,3
2642,6979,0874_RealESRGAN.png,0874_ResShift.png,0874_ResShift.png,7
2642,6979,0874_SwinIR.png,0874_RealESRGAN.png,0874_SwinIR.png,10
2642,6979,0874_SwinIR.png,0874_ResShift.png,0874_ResShift.png,12
2642,6979,0874_BSRGAN.png,0874_RealESRGAN.png,0874_BSRGAN.png,21
2642,6979,0874_BSRGAN.png,0874_ResShift.png,0874_ResShift.png,6
2642,6979,0809_ResShift.png,0809_BSRGAN.png,0809_ResShift.png,3
2642,6979,0809_BSRGAN.png,0809_RealESRGAN.png,0809_RealESRGAN.png,2
2642,6979,0809_ResShift.png,0809_SwinIR.png,0809_SwinIR.png,4
2642,6979,0809_SwinIR.png,0809_RealESRGAN.png,0809_RealESRGAN.png,2
2642,6979,0809_RealESRGAN.png,0809_ResShift.png,0809_ResShift.png,4
2642,6979,0809_SwinIR.png,0809_BSRGAN.png,0809_SwinIR.png,3
2642,6979,0862_RealESRGAN.png,0862_BSRGAN.png,0862_RealESRGAN.png,6
2642,6979,0862_SwinIR.png,0862_BSRGAN.png,0862_BSRGAN.png,3
2642,6979,0862_ResShift.png,0862_BSRGAN.png,0862_ResShift.png,3
2642,6979,0862_SwinIR.png,0862_RealESRGAN.png,0862_RealESRGAN.png,3
2642,6979,0862_ResShift.png,0862_SwinIR.png,0862_ResShift.png,3
2642,6979,0862_RealESRGAN.png,0862_ResShift.png,0862_ResShift.png,2
2642,6979,0841_RealESRGAN.png,0841_SwinIR.png,0841_SwinIR.png,3
2642,6979,0841_ResShift.png,0841_RealESRGAN.png,0841_RealESRGAN.png,4
2642,6979,0841_ResShift.png,0841_BSRGAN.png,0841_BSRGAN.png,3
2642,6979,0841_SwinIR.png,0841_ResShift.png,0841_ResShift.png,3
2642,6979,0841_BSRGAN.png,0841_SwinIR.png,0841_SwinIR.png,3
2642,6979,0841_BSRGAN.png,0841_RealESRGAN.png,0841_RealESRGAN.png,4
2642,6979,0819_RealESRGAN.png,0819_ResShift.png,0819_ResShift.png,4
2642,6979,0819_SwinIR.png,0819_RealESRGAN.png,0819_RealESRGAN.png,6
2642,6979,0819_ResShift.png,0819_SwinIR.png,0819_ResShift.png,3
2642,6979,0819_BSRGAN.png,0819_RealESRGAN.png,0819_RealESRGAN.png,3
2642,6979,0819_BSRGAN.png,0819_SwinIR.png,0819_SwinIR.png,2
2642,6979,0819_BSRGAN.png,0819_ResShift.png,0819_ResShift.png,2
2642,6979,0814_SwinIR.png,0814_BSRGAN.png,0814_SwinIR.png,12
2642,6979,0814_ResShift.png,0814_SwinIR.png,0814_SwinIR.png,2
2642,6979,0814_ResShift.png,0814_RealESRGAN.png,0814_RealESRGAN.png,4
2642,6979,0814_RealESRGAN.png,0814_SwinIR.png,0814_SwinIR.png,3
2642,6979,0814_RealESRGAN.png,0814_BSRGAN.png,0814_BSRGAN.png,4
2642,6979,0814_ResShift.png,0814_BSRGAN.png,0814_BSRGAN.png,7
2642,6979,0887_SwinIR.png,0887_RealESRGAN.png,0887_SwinIR.png,4
2642,6979,0887_ResShift.png,0887_BSRGAN.png,0887_BSRGAN.png,2
2642,6979,0887_SwinIR.png,0887_BSRGAN.png,0887_BSRGAN.png,3
2642,6979,0887_ResShift.png,0887_RealESRGAN.png,0887_RealESRGAN.png,2
2642,6979,0887_SwinIR.png,0887_ResShift.png,0887_SwinIR.png,3
2642,6979,0887_RealESRGAN.png,0887_BSRGAN.png,0887_RealESRGAN.png,8
2642,6979,0837_BSRGAN.png,0837_SwinIR.png,0837_SwinIR.png,3
2642,6979,0837_ResShift.png,0837_BSRGAN.png,0837_BSRGAN.png,8
2642,6979,0837_SwinIR.png,0837_ResShift.png,0837_SwinIR.png,2
2642,6979,0837_RealESRGAN.png,0837_BSRGAN.png,0837_BSRGAN.png,3
2642,6979,0837_RealESRGAN.png,0837_ResShift.png,0837_RealESRGAN.png,6
2642,6979,0837_SwinIR.png,0837_RealESRGAN.png,0837_SwinIR.png,7
2642,6979,0825_RealESRGAN.png,0825_BSRGAN.png,0825_RealESRGAN.png,11
2642,6979,0825_BSRGAN.png,0825_SwinIR.png,0825_BSRGAN.png,3
2642,6979,0825_RealESRGAN.png,0825_SwinIR.png,0825_RealESRGAN.png,6
2642,6979,0825_RealESRGAN.png,0825_ResShift.png,0825_RealESRGAN.png,6
2642,6979,0825_BSRGAN.png,0825_ResShift.png,0825_BSRGAN.png,5
2642,6979,0825_SwinIR.png,0825_ResShift.png,0825_ResShift.png,4
2642,6980,0809_RealESRGAN.png,0809_ResShift.png,0809_ResShift.png,75
2642,6980,0809_SwinIR.png,0809_ResShift.png,0809_SwinIR.png,5
2642,6980,0809_RealESRGAN.png,0809_BSRGAN.png,0809_RealESRGAN.png,3
2642,6980,0809_BSRGAN.png,0809_ResShift.png,0809_ResShift.png,3
2642,6980,0809_BSRGAN.png,0809_SwinIR.png,0809_SwinIR.png,5
2642,6980,0809_RealESRGAN.png,0809_SwinIR.png,0809_SwinIR.png,10
2642,6980,0887_RealESRGAN.png,0887_SwinIR.png,0887_SwinIR.png,12
2642,6980,0887_RealESRGAN.png,0887_ResShift.png,0887_RealESRGAN.png,17
2642,6980,0887_SwinIR.png,0887_BSRGAN.png,0887_SwinIR.png,7
2642,6980,0887_ResShift.png,0887_SwinIR.png,0887_ResShift.png,14
2642,6980,0887_BSRGAN.png,0887_RealESRGAN.png,0887_BSRGAN.png,6
2642,6980,0887_ResShift.png,0887_BSRGAN.png,0887_ResShift.png,8
2642,6980,0814_SwinIR.png,0814_RealESRGAN.png,0814_SwinIR.png,5
2642,6980,0814_BSRGAN.png,0814_SwinIR.png,0814_BSRGAN.png,3
2642,6980,0814_SwinIR.png,0814_ResShift.png,0814_SwinIR.png,4
2642,6980,0814_RealESRGAN.png,0814_ResShift.png,0814_RealESRGAN.png,3
2642,6980,0814_RealESRGAN.png,0814_BSRGAN.png,0814_RealESRGAN.png,6
2642,6980,0814_BSRGAN.png,0814_ResShift.png,0814_BSRGAN.png,6
2642,6980,0874_SwinIR.png,0874_RealESRGAN.png,0874_RealESRGAN.png,13
2642,6980,0874_RealESRGAN.png,0874_ResShift.png,0874_RealESRGAN.png,5
2642,6980,0874_SwinIR.png,0874_ResShift.png,0874_ResShift.png,11
2642,6980,0874_BSRGAN.png,0874_SwinIR.png,0874_BSRGAN.png,7
2642,6980,0874_BSRGAN.png,0874_RealESRGAN.png,0874_BSRGAN.png,4
2642,6980,0874_BSRGAN.png,0874_ResShift.png,0874_BSRGAN.png,2
2642,6980,0825_RealESRGAN.png,0825_BSRGAN.png,0825_RealESRGAN.png,14
2642,6980,0825_RealESRGAN.png,0825_SwinIR.png,0825_RealESRGAN.png,3
2642,6980,0825_ResShift.png,0825_BSRGAN.png,0825_BSRGAN.png,7
2642,6980,0825_ResShift.png,0825_RealESRGAN.png,0825_ResShift.png,6
2642,6980,0825_SwinIR.png,0825_BSRGAN.png,0825_BSRGAN.png,3
2642,6980,0825_ResShift.png,0825_SwinIR.png,0825_ResShift.png,1
2642,6980,0841_RealESRGAN.png,0841_ResShift.png,0841_RealESRGAN.png,11
2642,6980,0841_BSRGAN.png,0841_SwinIR.png,0841_SwinIR.png,7
2642,6980,0841_ResShift.png,0841_BSRGAN.png,0841_BSRGAN.png,17
2642,6980,0841_ResShift.png,0841_SwinIR.png,0841_SwinIR.png,3
2642,6980,0841_RealESRGAN.png,0841_SwinIR.png,0841_RealESRGAN.png,11
2642,6980,0841_BSRGAN.png,0841_RealESRGAN.png,0841_BSRGAN.png,6
2642,6980,0862_ResShift.png,0862_RealESRGAN.png,0862_ResShift.png,5
2642,6980,0862_RealESRGAN.png,0862_SwinIR.png,0862_RealESRGAN.png,9
2642,6980,0862_SwinIR.png,0862_BSRGAN.png,0862_BSRGAN.png,4
2642,6980,0862_ResShift.png,0862_BSRGAN.png,0862_BSRGAN.png,7
2642,6980,0862_SwinIR.png,0862_ResShift.png,0862_SwinIR.png,10
2642,6980,0862_BSRGAN.png,0862_RealESRGAN.png,0862_BSRGAN.png,6
2642,6980,0896_BSRGAN.png,0896_SwinIR.png,0896_BSRGAN.png,7
2642,6980,0896_SwinIR.png,0896_RealESRGAN.png,0896_SwinIR.png,11
2642,6980,0896_ResShift.png,0896_SwinIR.png,0896_ResShift.png,3
2642,6980,0896_RealESRGAN.png,0896_BSRGAN.png,0896_RealESRGAN.png,5
2642,6980,0896_ResShift.png,0896_RealESRGAN.png,0896_ResShift.png,2
2642,6980,0896_BSRGAN.png,0896_ResShift.png,0896_ResShift.png,14
2642,6980,0837_RealESRGAN.png,0837_SwinIR.png,0837_RealESRGAN.png,9
2642,6980,0837_SwinIR.png,0837_ResShift.png,0837_SwinIR.png,6
2642,6980,0837_BSRGAN.png,0837_RealESRGAN.png,0837_RealESRGAN.png,11
2642,6980,0837_SwinIR.png,0837_BSRGAN.png,0837_SwinIR.png,10
2642,6980,0837_BSRGAN.png,0837_ResShift.png,0837_BSRGAN.png,5
2642,6980,0837_ResShift.png,0837_RealESRGAN.png,0837_RealESRGAN.png,6
2642,6980,0819_SwinIR.png,0819_BSRGAN.png,0819_SwinIR.png,7
2642,6980,0819_ResShift.png,0819_BSRGAN.png,0819_ResShift.png,2
2642,6980,0819_SwinIR.png,0819_ResShift.png,0819_ResShift.png,6
2642,6980,0819_ResShift.png,0819_RealESRGAN.png,0819_ResShift.png,2
2642,6980,0819_RealESRGAN.png,0819_BSRGAN.png,0819_RealESRGAN.png,5
2642,6980,0819_RealESRGAN.png,0819_SwinIR.png,0819_RealESRGAN.png,9
2642,6981,0874_BSRGAN.png,0874_RealESRGAN.png,0874_RealESRGAN.png,10
2642,6981,0874_BSRGAN.png,0874_SwinIR.png,0874_SwinIR.png,2
2642,6981,0874_ResShift.png,0874_RealESRGAN.png,0874_ResShift.png,1
2642,6981,0874_ResShift.png,0874_SwinIR.png,0874_ResShift.png,6
2642,6981,0874_BSRGAN.png,0874_ResShift.png,0874_ResShift.png,4
2642,6981,0874_SwinIR.png,0874_RealESRGAN.png,0874_RealESRGAN.png,8
2642,6981,0887_SwinIR.png,0887_BSRGAN.png,0887_SwinIR.png,3
2642,6981,0887_ResShift.png,0887_RealESRGAN.png,0887_RealESRGAN.png,8
2642,6981,0887_SwinIR.png,0887_ResShift.png,0887_ResShift.png,11
2642,6981,0887_BSRGAN.png,0887_RealESRGAN.png,0887_RealESRGAN.png,15
2642,6981,0887_RealESRGAN.png,0887_SwinIR.png,0887_SwinIR.png,32
2642,6981,0887_ResShift.png,0887_BSRGAN.png,0887_BSRGAN.png,5
2642,6981,0896_SwinIR.png,0896_ResShift.png,0896_ResShift.png,5
2642,6981,0896_BSRGAN.png,0896_SwinIR.png,0896_BSRGAN.png,7
2642,6981,0896_BSRGAN.png,0896_RealESRGAN.png,0896_RealESRGAN.png,13
2642,6981,0896_SwinIR.png,0896_RealESRGAN.png,0896_RealESRGAN.png,14
2642,6981,0896_RealESRGAN.png,0896_ResShift.png,0896_ResShift.png,2
2642,6981,0896_BSRGAN.png,0896_ResShift.png,0896_ResShift.png,3
2642,6981,0809_RealESRGAN.png,0809_ResShift.png,0809_ResShift.png,4
2642,6981,0809_ResShift.png,0809_BSRGAN.png,0809_ResShift.png,1
2642,6981,0809_RealESRGAN.png,0809_SwinIR.png,0809_SwinIR.png,1
2642,6981,0809_SwinIR.png,0809_BSRGAN.png,0809_SwinIR.png,1
2642,6981,0809_BSRGAN.png,0809_RealESRGAN.png,0809_RealESRGAN.png,6
2642,6981,0809_SwinIR.png,0809_ResShift.png,0809_ResShift.png,16
2642,6981,0819_RealESRGAN.png,0819_SwinIR.png,0819_RealESRGAN.png,8
2642,6981,0819_RealESRGAN.png,0819_BSRGAN.png,0819_RealESRGAN.png,5
2642,6981,0819_SwinIR.png,0819_BSRGAN.png,0819_SwinIR.png,9
2642,6981,0819_BSRGAN.png,0819_ResShift.png,0819_ResShift.png,1
2642,6981,0819_ResShift.png,0819_RealESRGAN.png,0819_ResShift.png,14
2642,6981,0819_SwinIR.png,0819_ResShift.png,0819_ResShift.png,2
2642,6981,0862_ResShift.png,0862_RealESRGAN.png,0862_ResShift.png,3
2642,6981,0862_BSRGAN.png,0862_SwinIR.png,0862_BSRGAN.png,3
2642,6981,0862_ResShift.png,0862_BSRGAN.png,0862_ResShift.png,6
2642,6981,0862_ResShift.png,0862_SwinIR.png,0862_ResShift.png,7
2642,6981,0862_RealESRGAN.png,0862_SwinIR.png,0862_RealESRGAN.png,15
2642,6981,0862_BSRGAN.png,0862_RealESRGAN.png,0862_RealESRGAN.png,24
2642,6981,0814_ResShift.png,0814_BSRGAN.png,0814_ResShift.png,6
2642,6981,0814_ResShift.png,0814_RealESRGAN.png,0814_ResShift.png,15
2642,6981,0814_SwinIR.png,0814_RealESRGAN.png,0814_SwinIR.png,25
2642,6981,0814_BSRGAN.png,0814_SwinIR.png,0814_SwinIR.png,5
2642,6981,0814_RealESRGAN.png,0814_BSRGAN.png,0814_RealESRGAN.png,5
2642,6981,0814_SwinIR.png,0814_ResShift.png,0814_ResShift.png,3
2642,6981,0841_BSRGAN.png,0841_SwinIR.png,0841_SwinIR.png,5
2642,6981,0841_RealESRGAN.png,0841_BSRGAN.png,0841_RealESRGAN.png,1
2642,6981,0841_SwinIR.png,0841_RealESRGAN.png,0841_RealESRGAN.png,32
2642,6981,0841_ResShift.png,0841_SwinIR.png,0841_ResShift.png,10
2642,6981,0841_BSRGAN.png,0841_ResShift.png,0841_ResShift.png,5
2642,6981,0841_RealESRGAN.png,0841_ResShift.png,0841_ResShift.png,2
2642,6981,0825_BSRGAN.png,0825_ResShift.png,0825_ResShift.png,17
2642,6981,0825_SwinIR.png,0825_ResShift.png,0825_ResShift.png,5
2642,6981,0825_BSRGAN.png,0825_RealESRGAN.png,0825_RealESRGAN.png,9
2642,6981,0825_SwinIR.png,0825_RealESRGAN.png,0825_RealESRGAN.png,3
2642,6981,0825_SwinIR.png,0825_BSRGAN.png,0825_BSRGAN.png,5
2642,6981,0825_ResShift.png,0825_RealESRGAN.png,0825_ResShift.png,3
2642,6981,0837_RealESRGAN.png,0837_BSRGAN.png,0837_RealESRGAN.png,23
2642,6981,0837_ResShift.png,0837_SwinIR.png,0837_ResShift.png,4
2642,6981,0837_SwinIR.png,0837_BSRGAN.png,0837_SwinIR.png,2
2642,6981,0837_RealESRGAN.png,0837_ResShift.png,0837_ResShift.png,1
2642,6981,0837_BSRGAN.png,0837_ResShift.png,0837_ResShift.png,3
2642,6981,0837_SwinIR.png,0837_RealESRGAN.png,0837_SwinIR.png,9
2642,6982,0862_ResShift.png,0862_RealESRGAN.png,0862_ResShift.png,9
2642,6982,0862_BSRGAN.png,0862_ResShift.png,0862_ResShift.png,8
2642,6982,0862_RealESRGAN.png,0862_SwinIR.png,0862_SwinIR.png,4
2642,6982,0862_BSRGAN.png,0862_RealESRGAN.png,0862_RealESRGAN.png,6
2642,6982,0862_ResShift.png,0862_SwinIR.png,0862_ResShift.png,13
2642,6982,0862_BSRGAN.png,0862_SwinIR.png,0862_BSRGAN.png,23
2642,6982,0841_BSRGAN.png,0841_SwinIR.png,0841_SwinIR.png,5
2642,6982,0841_ResShift.png,0841_BSRGAN.png,0841_ResShift.png,7
2642,6982,0841_RealESRGAN.png,0841_SwinIR.png,0841_RealESRGAN.png,14
2642,6982,0841_RealESRGAN.png,0841_ResShift.png,0841_ResShift.png,8
2642,6982,0841_SwinIR.png,0841_ResShift.png,0841_ResShift.png,7
2642,6982,0841_BSRGAN.png,0841_RealESRGAN.png,0841_RealESRGAN.png,4
2642,6982,0809_SwinIR.png,0809_BSRGAN.png,0809_SwinIR.png,10
2642,6982,0809_BSRGAN.png,0809_ResShift.png,0809_ResShift.png,7
2642,6982,0809_ResShift.png,0809_SwinIR.png,0809_SwinIR.png,10
2642,6982,0809_BSRGAN.png,0809_RealESRGAN.png,0809_BSRGAN.png,19
2642,6982,0809_SwinIR.png,0809_RealESRGAN.png,0809_SwinIR.png,5
2642,6982,0809_RealESRGAN.png,0809_ResShift.png,0809_ResShift.png,7
2642,6982,0874_RealESRGAN.png,0874_SwinIR.png,0874_SwinIR.png,11
2642,6982,0874_RealESRGAN.png,0874_ResShift.png,0874_RealESRGAN.png,8
2642,6982,0874_ResShift.png,0874_SwinIR.png,0874_ResShift.png,9
2642,6982,0874_BSRGAN.png,0874_RealESRGAN.png,0874_RealESRGAN.png,11
2642,6982,0874_SwinIR.png,0874_BSRGAN.png,0874_SwinIR.png,6
2642,6982,0874_ResShift.png,0874_BSRGAN.png,0874_BSRGAN.png,9
2642,6982,0819_ResShift.png,0819_RealESRGAN.png,0819_ResShift.png,7
2642,6982,0819_BSRGAN.png,0819_ResShift.png,0819_ResShift.png,4
2642,6982,0819_BSRGAN.png,0819_SwinIR.png,0819_SwinIR.png,5
2642,6982,0819_SwinIR.png,0819_ResShift.png,0819_ResShift.png,4
2642,6982,0819_RealESRGAN.png,0819_BSRGAN.png,0819_RealESRGAN.png,5
2642,6982,0819_SwinIR.png,0819_RealESRGAN.png,0819_RealESRGAN.png,5
2642,6982,0814_SwinIR.png,0814_RealESRGAN.png,0814_RealESRGAN.png,10
2642,6982,0814_SwinIR.png,0814_BSRGAN.png,0814_SwinIR.png,10
2642,6982,0814_BSRGAN.png,0814_ResShift.png,0814_ResShift.png,3
2642,6982,0814_RealESRGAN.png,0814_BSRGAN.png,0814_RealESRGAN.png,6
2642,6982,0814_SwinIR.png,0814_ResShift.png,0814_ResShift.png,4
2642,6982,0814_RealESRGAN.png,0814_ResShift.png,0814_ResShift.png,3
2642,6982,0837_RealESRGAN.png,0837_BSRGAN.png,0837_RealESRGAN.png,3
2642,6982,0837_SwinIR.png,0837_BSRGAN.png,0837_SwinIR.png,4
2642,6982,0837_BSRGAN.png,0837_ResShift.png,0837_ResShift.png,3
2642,6982,0837_SwinIR.png,0837_ResShift.png,0837_SwinIR.png,6
2642,6982,0837_SwinIR.png,0837_RealESRGAN.png,0837_SwinIR.png,7
2642,6982,0837_ResShift.png,0837_RealESRGAN.png,0837_ResShift.png,16
2642,6982,0887_ResShift.png,0887_SwinIR.png,0887_ResShift.png,17
2642,6982,0887_RealESRGAN.png,0887_BSRGAN.png,0887_RealESRGAN.png,8
2642,6982,0887_ResShift.png,0887_RealESRGAN.png,0887_RealESRGAN.png,7
2642,6982,0887_SwinIR.png,0887_RealESRGAN.png,0887_RealESRGAN.png,4
2642,6982,0887_BSRGAN.png,0887_ResShift.png,0887_ResShift.png,3
2642,6982,0887_SwinIR.png,0887_BSRGAN.png,0887_SwinIR.png,2
2642,6982,0896_SwinIR.png,0896_ResShift.png,0896_ResShift.png,3
2642,6982,0896_RealESRGAN.png,0896_BSRGAN.png,0896_RealESRGAN.png,3
2642,6982,0896_ResShift.png,0896_BSRGAN.png,0896_ResShift.png,3
2642,6982,0896_RealESRGAN.png,0896_SwinIR.png,0896_SwinIR.png,6
2642,6982,0896_SwinIR.png,0896_BSRGAN.png,0896_SwinIR.png,2
2642,6982,0896_ResShift.png,0896_RealESRGAN.png,0896_ResShift.png,5
2642,6982,0825_BSRGAN.png,0825_ResShift.png,0825_BSRGAN.png,5
2642,6982,0825_BSRGAN.png,0825_RealESRGAN.png,0825_RealESRGAN.png,5
2642,6982,0825_ResShift.png,0825_SwinIR.png,0825_ResShift.png,2
2642,6982,0825_BSRGAN.png,0825_SwinIR.png,0825_BSRGAN.png,2
2642,6982,0825_ResShift.png,0825_RealESRGAN.png,0825_RealESRGAN.png,3
2642,6982,0825_SwinIR.png,0825_RealESRGAN.png,0825_RealESRGAN.png,3
2642,6983,0825_SwinIR.png,0825_BSRGAN.png,0825_SwinIR.png,44
2642,6983,0825_ResShift.png,0825_SwinIR.png,0825_SwinIR.png,13
2642,6983,0825_BSRGAN.png,0825_ResShift.png,0825_ResShift.png,62
2642,6983,0825_SwinIR.png,0825_RealESRGAN.png,0825_SwinIR.png,38
2642,6983,0825_RealESRGAN.png,0825_ResShift.png,0825_RealESRGAN.png,26
2642,6983,0825_RealESRGAN.png,0825_BSRGAN.png,0825_BSRGAN.png,23
2642,6983,0841_SwinIR.png,0841_RealESRGAN.png,0841_SwinIR.png,38
2642,6983,0841_BSRGAN.png,0841_RealESRGAN.png,0841_RealESRGAN.png,19
2642,6983,0841_ResShift.png,0841_SwinIR.png,0841_ResShift.png,31
2642,6983,0841_ResShift.png,0841_RealESRGAN.png,0841_RealESRGAN.png,11
2642,6983,0841_BSRGAN.png,0841_ResShift.png,0841_ResShift.png,34
2642,6983,0841_BSRGAN.png,0841_SwinIR.png,0841_SwinIR.png,12
2642,6983,0862_SwinIR.png,0862_BSRGAN.png,0862_SwinIR.png,37
2642,6983,0862_ResShift.png,0862_SwinIR.png,0862_ResShift.png,10
2642,6983,0862_RealESRGAN.png,0862_BSRGAN.png,0862_BSRGAN.png,35
2642,6983,0862_RealESRGAN.png,0862_SwinIR.png,0862_SwinIR.png,4
2642,6983,0862_ResShift.png,0862_BSRGAN.png,0862_ResShift.png,4
2642,6983,0862_ResShift.png,0862_RealESRGAN.png,0862_ResShift.png,2
2642,6983,0814_SwinIR.png,0814_RealESRGAN.png,0814_RealESRGAN.png,50
2642,6983,0814_ResShift.png,0814_RealESRGAN.png,0814_RealESRGAN.png,14
2642,6983,0814_BSRGAN.png,0814_ResShift.png,0814_ResShift.png,11
2642,6983,0814_BSRGAN.png,0814_RealESRGAN.png,0814_RealESRGAN.png,8
2642,6983,0814_SwinIR.png,0814_ResShift.png,0814_SwinIR.png,11
2642,6983,0814_SwinIR.png,0814_BSRGAN.png,0814_SwinIR.png,5
2642,6983,0887_ResShift.png,0887_RealESRGAN.png,0887_ResShift.png,37
2642,6983,0887_RealESRGAN.png,0887_SwinIR.png,0887_SwinIR.png,11
2642,6983,0887_BSRGAN.png,0887_SwinIR.png,0887_BSRGAN.png,22
2642,6983,0887_ResShift.png,0887_SwinIR.png,0887_ResShift.png,8
2642,6983,0887_BSRGAN.png,0887_ResShift.png,0887_ResShift.png,11
2642,6983,0887_BSRGAN.png,0887_RealESRGAN.png,0887_BSRGAN.png,10
2642,6983,0837_RealESRGAN.png,0837_BSRGAN.png,0837_RealESRGAN.png,17
2642,6983,0837_BSRGAN.png,0837_ResShift.png,0837_ResShift.png,17
2642,6983,0837_ResShift.png,0837_RealESRGAN.png,0837_ResShift.png,8
2642,6983,0837_ResShift.png,0837_SwinIR.png,0837_SwinIR.png,19
2642,6983,0837_SwinIR.png,0837_BSRGAN.png,0837_SwinIR.png,10
2642,6983,0837_RealESRGAN.png,0837_SwinIR.png,0837_RealESRGAN.png,7
2642,6983,0896_RealESRGAN.png,0896_ResShift.png,0896_ResShift.png,7
2642,6983,0896_SwinIR.png,0896_BSRGAN.png,0896_BSRGAN.png,10
2642,6983,0896_ResShift.png,0896_BSRGAN.png,0896_ResShift.png,13
2642,6983,0896_BSRGAN.png,0896_RealESRGAN.png,0896_BSRGAN.png,8
2642,6983,0896_ResShift.png,0896_SwinIR.png,0896_ResShift.png,3
2642,6983,0896_SwinIR.png,0896_RealESRGAN.png,0896_RealESRGAN.png,15
2642,6983,0819_BSRGAN.png,0819_ResShift.png,0819_ResShift.png,14
2642,6983,0819_RealESRGAN.png,0819_SwinIR.png,0819_SwinIR.png,12
2642,6983,0819_ResShift.png,0819_SwinIR.png,0819_ResShift.png,25
2642,6983,0819_SwinIR.png,0819_BSRGAN.png,0819_SwinIR.png,11
2642,6983,0819_RealESRGAN.png,0819_ResShift.png,0819_ResShift.png,3
2642,6983,0819_BSRGAN.png,0819_RealESRGAN.png,0819_BSRGAN.png,13
2642,6983,0874_RealESRGAN.png,0874_BSRGAN.png,0874_BSRGAN.png,18
2642,6983,0874_SwinIR.png,0874_BSRGAN.png,0874_SwinIR.png,8
2642,6983,0874_RealESRGAN.png,0874_SwinIR.png,0874_SwinIR.png,2
2642,6983,0874_RealESRGAN.png,0874_ResShift.png,0874_ResShift.png,3
2642,6983,0874_ResShift.png,0874_BSRGAN.png,0874_ResShift.png,3
2642,6983,0874_ResShift.png,0874_SwinIR.png,0874_ResShift.png,7
2642,6983,0809_SwinIR.png,0809_ResShift.png,0809_ResShift.png,10
2642,6983,0809_BSRGAN.png,0809_SwinIR.png,0809_SwinIR.png,4
2642,6983,0809_BSRGAN.png,0809_RealESRGAN.png,0809_RealESRGAN.png,2
2642,6983,0809_BSRGAN.png,0809_ResShift.png,0809_ResShift.png,2
2642,6983,0809_RealESRGAN.png,0809_SwinIR.png,0809_SwinIR.png,3
2642,6983,0809_RealESRGAN.png,0809_ResShift.png,0809_ResShift.png,2
2642,6984,0887_ResShift.png,0887_BSRGAN.png,0887_BSRGAN.png,7
2642,6984,0887_SwinIR.png,0887_ResShift.png,0887_SwinIR.png,12
2642,6984,0887_BSRGAN.png,0887_RealESRGAN.png,0887_RealESRGAN.png,4
2642,6984,0887_SwinIR.png,0887_BSRGAN.png,0887_SwinIR.png,3
2642,6984,0887_RealESRGAN.png,0887_SwinIR.png,0887_SwinIR.png,5
2642,6984,0887_ResShift.png,0887_RealESRGAN.png,0887_RealESRGAN.png,2
2642,6984,0841_ResShift.png,0841_SwinIR.png,0841_ResShift.png,4
2642,6984,0841_RealESRGAN.png,0841_SwinIR.png,0841_SwinIR.png,2
2642,6984,0841_RealESRGAN.png,0841_BSRGAN.png,0841_BSRGAN.png,3
2642,6984,0841_RealESRGAN.png,0841_ResShift.png,0841_ResShift.png,2
2642,6984,0841_BSRGAN.png,0841_SwinIR.png,0841_SwinIR.png,2
2642,6984,0841_BSRGAN.png,0841_ResShift.png,0841_ResShift.png,2
2642,6984,0837_BSRGAN.png,0837_SwinIR.png,0837_SwinIR.png,5
2642,6984,0837_ResShift.png,0837_SwinIR.png,0837_ResShift.png,2
2642,6984,0837_ResShift.png,0837_RealESRGAN.png,0837_RealESRGAN.png,3
2642,6984,0837_RealESRGAN.png,0837_BSRGAN.png,0837_RealESRGAN.png,4
2642,6984,0837_SwinIR.png,0837_RealESRGAN.png,0837_RealESRGAN.png,2
2642,6984,0837_BSRGAN.png,0837_ResShift.png,0837_ResShift.png,3
2642,6984,0896_RealESRGAN.png,0896_BSRGAN.png,0896_BSRGAN.png,10
2642,6984,0896_SwinIR.png,0896_ResShift.png,0896_ResShift.png,3
2642,6984,0896_BSRGAN.png,0896_SwinIR.png,0896_BSRGAN.png,2
2642,6984,0896_BSRGAN.png,0896_ResShift.png,0896_ResShift.png,2
2642,6984,0896_SwinIR.png,0896_RealESRGAN.png,0896_RealESRGAN.png,4
2642,6984,0896_RealESRGAN.png,0896_ResShift.png,0896_ResShift.png,2
2642,6984,0825_BSRGAN.png,0825_SwinIR.png,0825_SwinIR.png,11
2642,6984,0825_RealESRGAN.png,0825_ResShift.png,0825_RealESRGAN.png,3
2642,6984,0825_BSRGAN.png,0825_RealESRGAN.png,0825_RealESRGAN.png,2
2642,6984,0825_RealESRGAN.png,0825_SwinIR.png,0825_RealESRGAN.png,2
2642,6984,0825_ResShift.png,0825_BSRGAN.png,0825_ResShift.png,2
2642,6984,0825_SwinIR.png,0825_ResShift.png,0825_ResShift.png,4
2642,6984,0809_ResShift.png,0809_BSRGAN.png,0809_ResShift.png,5
2642,6984,0809_SwinIR.png,0809_BSRGAN.png,0809_SwinIR.png,5
2642,6984,0809_SwinIR.png,0809_RealESRGAN.png,0809_RealESRGAN.png,2
2642,6984,0809_RealESRGAN.png,0809_ResShift.png,0809_ResShift.png,3
2642,6984,0809_BSRGAN.png,0809_RealESRGAN.png,0809_RealESRGAN.png,3
2642,6984,0809_SwinIR.png,0809_ResShift.png,0809_ResShift.png,1
2642,6984,0814_BSRGAN.png,0814_RealESRGAN.png,0814_RealESRGAN.png,3
2642,6984,0814_ResShift.png,0814_SwinIR.png,0814_SwinIR.png,2
2642,6984,0814_RealESRGAN.png,0814_SwinIR.png,0814_SwinIR.png,4
2642,6984,0814_RealESRGAN.png,0814_ResShift.png,0814_ResShift.png,3
2642,6984,0814_ResShift.png,0814_BSRGAN.png,0814_ResShift.png,2
2642,6984,0814_BSRGAN.png,0814_SwinIR.png,0814_SwinIR.png,1
2642,6984,0874_SwinIR.png,0874_ResShift.png,0874_ResShift.png,9
2642,6984,0874_BSRGAN.png,0874_RealESRGAN.png,0874_RealESRGAN.png,3
2642,6984,0874_RealESRGAN.png,0874_ResShift.png,0874_ResShift.png,9
2642,6984,0874_SwinIR.png,0874_RealESRGAN.png,0874_RealESRGAN.png,2
2642,6984,0874_BSRGAN.png,0874_SwinIR.png,0874_BSRGAN.png,2
2642,6984,0874_BSRGAN.png,0874_ResShift.png,0874_ResShift.png,1
2642,6984,0819_SwinIR.png,0819_ResShift.png,0819_ResShift.png,4
2642,6984,0819_RealESRGAN.png,0819_SwinIR.png,0819_RealESRGAN.png,1
2642,6984,0819_RealESRGAN.png,0819_ResShift.png,0819_ResShift.png,1
2642,6984,0819_BSRGAN.png,0819_ResShift.png,0819_ResShift.png,2
2642,6984,0819_BSRGAN.png,0819_SwinIR.png,0819_SwinIR.png,3
2642,6984,0819_BSRGAN.png,0819_RealESRGAN.png,0819_RealESRGAN.png,2
2642,6984,0862_BSRGAN.png,0862_SwinIR.png,0862_BSRGAN.png,3
2642,6984,0862_SwinIR.png,0862_RealESRGAN.png,0862_RealESRGAN.png,6
2642,6984,0862_ResShift.png,0862_RealESRGAN.png,0862_ResShift.png,1
2642,6984,0862_BSRGAN.png,0862_ResShift.png,0862_ResShift.png,1
2642,6984,0862_SwinIR.png,0862_ResShift.png,0862_ResShift.png,1
2642,6984,0862_RealESRGAN.png,0862_BSRGAN.png,0862_RealESRGAN.png,1
2642,6985,0862_BSRGAN.png,0862_SwinIR.png,0862_BSRGAN.png,14
2642,6985,0862_RealESRGAN.png,0862_SwinIR.png,0862_RealESRGAN.png,5
2642,6985,0862_BSRGAN.png,0862_RealESRGAN.png,0862_BSRGAN.png,6
2642,6985,0862_ResShift.png,0862_BSRGAN.png,0862_BSRGAN.png,4
2642,6985,0862_SwinIR.png,0862_ResShift.png,0862_ResShift.png,8
2642,6985,0862_ResShift.png,0862_RealESRGAN.png,0862_ResShift.png,2
2642,6985,0887_BSRGAN.png,0887_RealESRGAN.png,0887_BSRGAN.png,7
2642,6985,0887_RealESRGAN.png,0887_SwinIR.png,0887_SwinIR.png,2
2642,6985,0887_RealESRGAN.png,0887_ResShift.png,0887_ResShift.png,2
2642,6985,0887_ResShift.png,0887_BSRGAN.png,0887_ResShift.png,5
2642,6985,0887_SwinIR.png,0887_BSRGAN.png,0887_SwinIR.png,5
2642,6985,0887_SwinIR.png,0887_ResShift.png,0887_ResShift.png,7
2642,6985,0841_ResShift.png,0841_BSRGAN.png,0841_ResShift.png,4
2642,6985,0841_ResShift.png,0841_SwinIR.png,0841_ResShift.png,10
2642,6985,0841_RealESRGAN.png,0841_SwinIR.png,0841_RealESRGAN.png,11
2642,6985,0841_BSRGAN.png,0841_SwinIR.png,0841_SwinIR.png,6
2642,6985,0841_RealESRGAN.png,0841_ResShift.png,0841_ResShift.png,4
2642,6985,0841_BSRGAN.png,0841_RealESRGAN.png,0841_RealESRGAN.png,6
2642,6985,0825_BSRGAN.png,0825_RealESRGAN.png,0825_RealESRGAN.png,7
2642,6985,0825_RealESRGAN.png,0825_SwinIR.png,0825_SwinIR.png,7
2642,6985,0825_BSRGAN.png,0825_ResShift.png,0825_ResShift.png,4
2642,6985,0825_RealESRGAN.png,0825_ResShift.png,0825_RealESRGAN.png,5
2642,6985,0825_BSRGAN.png,0825_SwinIR.png,0825_SwinIR.png,4
2642,6985,0825_SwinIR.png,0825_ResShift.png,0825_ResShift.png,5
2642,6985,0896_RealESRGAN.png,0896_ResShift.png,0896_ResShift.png,9
2642,6985,0896_ResShift.png,0896_SwinIR.png,0896_ResShift.png,4
2642,6985,0896_SwinIR.png,0896_RealESRGAN.png,0896_RealESRGAN.png,4
2642,6985,0896_RealESRGAN.png,0896_BSRGAN.png,0896_RealESRGAN.png,5
2642,6985,0896_ResShift.png,0896_BSRGAN.png,0896_ResShift.png,2
2642,6985,0896_SwinIR.png,0896_BSRGAN.png,0896_SwinIR.png,2
2642,6985,0837_RealESRGAN.png,0837_BSRGAN.png,0837_RealESRGAN.png,7
2642,6985,0837_SwinIR.png,0837_ResShift.png,0837_ResShift.png,3
2642,6985,0837_ResShift.png,0837_RealESRGAN.png,0837_RealESRGAN.png,2
2642,6985,0837_ResShift.png,0837_BSRGAN.png,0837_ResShift.png,4
2642,6985,0837_SwinIR.png,0837_RealESRGAN.png,0837_SwinIR.png,7
2642,6985,0837_SwinIR.png,0837_BSRGAN.png,0837_BSRGAN.png,7
2642,6985,0809_SwinIR.png,0809_BSRGAN.png,0809_SwinIR.png,3
2642,6985,0809_RealESRGAN.png,0809_BSRGAN.png,0809_RealESRGAN.png,2
2642,6985,0809_SwinIR.png,0809_RealESRGAN.png,0809_RealESRGAN.png,2
2642,6985,0809_ResShift.png,0809_RealESRGAN.png,0809_RealESRGAN.png,2
2642,6985,0809_BSRGAN.png,0809_ResShift.png,0809_ResShift.png,4
2642,6985,0809_SwinIR.png,0809_ResShift.png,0809_SwinIR.png,2
2642,6985,0874_BSRGAN.png,0874_SwinIR.png,0874_SwinIR.png,8
2642,6985,0874_RealESRGAN.png,0874_BSRGAN.png,0874_RealESRGAN.png,2
2642,6985,0874_ResShift.png,0874_RealESRGAN.png,0874_RealESRGAN.png,2
2642,6985,0874_SwinIR.png,0874_RealESRGAN.png,0874_SwinIR.png,4
2642,6985,0874_ResShift.png,0874_SwinIR.png,0874_ResShift.png,2
2642,6985,0874_BSRGAN.png,0874_ResShift.png,0874_ResShift.png,6
2642,6985,0819_SwinIR.png,0819_BSRGAN.png,0819_SwinIR.png,4
2642,6985,0819_BSRGAN.png,0819_RealESRGAN.png,0819_RealESRGAN.png,1
2642,6985,0819_SwinIR.png,0819_ResShift.png,0819_SwinIR.png,2
2642,6985,0819_RealESRGAN.png,0819_SwinIR.png,0819_RealESRGAN.png,4
2642,6985,0819_RealESRGAN.png,0819_ResShift.png,0819_RealESRGAN.png,3
2642,6985,0819_ResShift.png,0819_BSRGAN.png,0819_ResShift.png,3
2642,6985,0814_SwinIR.png,0814_RealESRGAN.png,0814_SwinIR.png,5
2642,6985,0814_RealESRGAN.png,0814_ResShift.png,0814_RealESRGAN.png,3
2642,6985,0814_RealESRGAN.png,0814_BSRGAN.png,0814_BSRGAN.png,1
2642,6985,0814_ResShift.png,0814_BSRGAN.png,0814_ResShift.png,1
2642,6985,0814_SwinIR.png,0814_BSRGAN.png,0814_SwinIR.png,5
2642,6985,0814_ResShift.png,0814_SwinIR.png,0814_ResShift.png,1
2642,6986,0887_SwinIR.png,0887_BSRGAN.png,0887_SwinIR.png,35
2642,6986,0887_RealESRGAN.png,0887_ResShift.png,0887_RealESRGAN.png,7
2642,6986,0887_SwinIR.png,0887_ResShift.png,0887_ResShift.png,17
2642,6986,0887_ResShift.png,0887_BSRGAN.png,0887_ResShift.png,21
2642,6986,0887_SwinIR.png,0887_RealESRGAN.png,0887_RealESRGAN.png,12
2642,6986,0887_RealESRGAN.png,0887_BSRGAN.png,0887_RealESRGAN.png,3
2642,6986,0874_BSRGAN.png,0874_RealESRGAN.png,0874_RealESRGAN.png,24
2642,6986,0874_BSRGAN.png,0874_SwinIR.png,0874_SwinIR.png,7
2642,6986,0874_BSRGAN.png,0874_ResShift.png,0874_ResShift.png,3
2642,6986,0874_RealESRGAN.png,0874_SwinIR.png,0874_SwinIR.png,6
2642,6986,0874_ResShift.png,0874_SwinIR.png,0874_ResShift.png,5
2642,6986,0874_ResShift.png,0874_RealESRGAN.png,0874_RealESRGAN.png,11
2642,6986,0809_SwinIR.png,0809_ResShift.png,0809_ResShift.png,11
2642,6986,0809_BSRGAN.png,0809_SwinIR.png,0809_SwinIR.png,2
2642,6986,0809_RealESRGAN.png,0809_BSRGAN.png,0809_BSRGAN.png,4
2642,6986,0809_RealESRGAN.png,0809_SwinIR.png,0809_SwinIR.png,2
2642,6986,0809_ResShift.png,0809_RealESRGAN.png,0809_ResShift.png,7
2642,6986,0809_ResShift.png,0809_BSRGAN.png,0809_ResShift.png,4
2642,6986,0825_SwinIR.png,0825_BSRGAN.png,0825_BSRGAN.png,24
2642,6986,0825_RealESRGAN.png,0825_BSRGAN.png,0825_BSRGAN.png,6
2642,6986,0825_SwinIR.png,0825_ResShift.png,0825_ResShift.png,6
2642,6986,0825_ResShift.png,0825_BSRGAN.png,0825_BSRGAN.png,3
2642,6986,0825_ResShift.png,0825_RealESRGAN.png,0825_RealESRGAN.png,2
2642,6986,0825_RealESRGAN.png,0825_SwinIR.png,0825_RealESRGAN.png,3
2642,6986,0862_ResShift.png,0862_SwinIR.png,0862_SwinIR.png,14
2642,6986,0862_ResShift.png,0862_BSRGAN.png,0862_BSRGAN.png,2
2642,6986,0862_BSRGAN.png,0862_RealESRGAN.png,0862_BSRGAN.png,2
2642,6986,0862_SwinIR.png,0862_BSRGAN.png,0862_BSRGAN.png,1
2642,6986,0862_SwinIR.png,0862_RealESRGAN.png,0862_SwinIR.png,1
2642,6986,0862_RealESRGAN.png,0862_ResShift.png,0862_ResShift.png,1
2642,6986,0814_RealESRGAN.png,0814_ResShift.png,0814_ResShift.png,12
2642,6986,0814_SwinIR.png,0814_RealESRGAN.png,0814_RealESRGAN.png,7
2642,6986,0814_BSRGAN.png,0814_SwinIR.png,0814_SwinIR.png,3
2642,6986,0814_RealESRGAN.png,0814_BSRGAN.png,0814_BSRGAN.png,8
2642,6986,0814_ResShift.png,0814_BSRGAN.png,0814_ResShift.png,2
2642,6986,0814_SwinIR.png,0814_ResShift.png,0814_ResShift.png,2
2642,6986,0841_ResShift.png,0841_SwinIR.png,0841_SwinIR.png,7
2642,6986,0841_RealESRGAN.png,0841_SwinIR.png,0841_SwinIR.png,2
2642,6986,0841_RealESRGAN.png,0841_BSRGAN.png,0841_RealESRGAN.png,1
2642,6986,0841_ResShift.png,0841_BSRGAN.png,0841_BSRGAN.png,2
2642,6986,0841_RealESRGAN.png,0841_ResShift.png,0841_ResShift.png,1
2642,6986,0841_BSRGAN.png,0841_SwinIR.png,0841_SwinIR.png,2
2642,6986,0819_ResShift.png,0819_BSRGAN.png,0819_ResShift.png,14
2642,6986,0819_BSRGAN.png,0819_RealESRGAN.png,0819_RealESRGAN.png,2
2642,6986,0819_BSRGAN.png,0819_SwinIR.png,0819_BSRGAN.png,1
2642,6986,0819_ResShift.png,0819_SwinIR.png,0819_SwinIR.png,1
2642,6986,0819_RealESRGAN.png,0819_SwinIR.png,0819_RealESRGAN.png,2
2642,6986,0819_RealESRGAN.png,0819_ResShift.png,0819_ResShift.png,1
2642,6986,0896_SwinIR.png,0896_ResShift.png,0896_ResShift.png,4
2642,6986,0896_ResShift.png,0896_RealESRGAN.png,0896_RealESRGAN.png,2
2642,6986,0896_BSRGAN.png,0896_ResShift.png,0896_ResShift.png,2
2642,6986,0896_RealESRGAN.png,0896_BSRGAN.png,0896_BSRGAN.png,1
2642,6986,0896_BSRGAN.png,0896_SwinIR.png,0896_SwinIR.png,1
2642,6986,0896_SwinIR.png,0896_RealESRGAN.png,0896_SwinIR.png,1
2642,6986,0837_ResShift.png,0837_SwinIR.png,0837_ResShift.png,5
2642,6986,0837_RealESRGAN.png,0837_SwinIR.png,0837_SwinIR.png,1
2642,6986,0837_BSRGAN.png,0837_SwinIR.png,0837_BSRGAN.png,2
2642,6986,0837_ResShift.png,0837_RealESRGAN.png,0837_RealESRGAN.png,5
2642,6986,0837_ResShift.png,0837_BSRGAN.png,0837_BSRGAN.png,3
2642,6986,0837_BSRGAN.png,0837_RealESRGAN.png,0837_RealESRGAN.png,2
2642,6987,0874_SwinIR.png,0874_ResShift.png,0874_SwinIR.png,49
2642,6987,0874_SwinIR.png,0874_BSRGAN.png,0874_SwinIR.png,21
2642,6987,0874_RealESRGAN.png,0874_ResShift.png,0874_RealESRGAN.png,14
2642,6987,0874_BSRGAN.png,0874_ResShift.png,0874_BSRGAN.png,26
2642,6987,0874_RealESRGAN.png,0874_BSRGAN.png,0874_RealESRGAN.png,10
2642,6987,0874_RealESRGAN.png,0874_SwinIR.png,0874_SwinIR.png,18
2642,6987,0887_SwinIR.png,0887_ResShift.png,0887_ResShift.png,10
2642,6987,0887_BSRGAN.png,0887_RealESRGAN.png,0887_RealESRGAN.png,11
2642,6987,0887_SwinIR.png,0887_BSRGAN.png,0887_SwinIR.png,15
2642,6987,0887_ResShift.png,0887_RealESRGAN.png,0887_RealESRGAN.png,20
2642,6987,0887_RealESRGAN.png,0887_SwinIR.png,0887_RealESRGAN.png,13
2642,6987,0887_ResShift.png,0887_BSRGAN.png,0887_ResShift.png,18
2642,6987,0841_ResShift.png,0841_RealESRGAN.png,0841_ResShift.png,13
2642,6987,0841_BSRGAN.png,0841_ResShift.png,0841_ResShift.png,9
2642,6987,0841_SwinIR.png,0841_BSRGAN.png,0841_BSRGAN.png,16
2642,6987,0841_BSRGAN.png,0841_RealESRGAN.png,0841_RealESRGAN.png,23
2642,6987,0841_SwinIR.png,0841_RealESRGAN.png,0841_RealESRGAN.png,8
2642,6987,0841_SwinIR.png,0841_ResShift.png,0841_ResShift.png,18
2642,6987,0825_RealESRGAN.png,0825_SwinIR.png,0825_RealESRGAN.png,30
2642,6987,0825_RealESRGAN.png,0825_BSRGAN.png,0825_BSRGAN.png,18
2642,6987,0825_RealESRGAN.png,0825_ResShift.png,0825_RealESRGAN.png,18
2642,6987,0825_ResShift.png,0825_SwinIR.png,0825_ResShift.png,8
2642,6987,0825_ResShift.png,0825_BSRGAN.png,0825_ResShift.png,12
2642,6987,0825_BSRGAN.png,0825_SwinIR.png,0825_SwinIR.png,8
2642,6987,0819_RealESRGAN.png,0819_SwinIR.png,0819_RealESRGAN.png,17
2642,6987,0819_RealESRGAN.png,0819_ResShift.png,0819_RealESRGAN.png,17
2642,6987,0819_ResShift.png,0819_SwinIR.png,0819_SwinIR.png,23
2642,6987,0819_BSRGAN.png,0819_RealESRGAN.png,0819_RealESRGAN.png,10
2642,6987,0819_BSRGAN.png,0819_ResShift.png,0819_ResShift.png,7
2642,6987,0819_SwinIR.png,0819_BSRGAN.png,0819_SwinIR.png,5
2642,6987,0896_ResShift.png,0896_SwinIR.png,0896_SwinIR.png,25
2642,6987,0896_RealESRGAN.png,0896_ResShift.png,0896_RealESRGAN.png,8
2642,6987,0896_ResShift.png,0896_BSRGAN.png,0896_BSRGAN.png,6
2642,6987,0896_SwinIR.png,0896_RealESRGAN.png,0896_RealESRGAN.png,8
2642,6987,0896_BSRGAN.png,0896_RealESRGAN.png,0896_RealESRGAN.png,7
2642,6987,0896_BSRGAN.png,0896_SwinIR.png,0896_SwinIR.png,8
2642,6987,0837_BSRGAN.png,0837_SwinIR.png,0837_SwinIR.png,7
2642,6987,0837_ResShift.png,0837_SwinIR.png,0837_ResShift.png,7
2642,6987,0837_BSRGAN.png,0837_ResShift.png,0837_ResShift.png,2
2642,6987,0837_ResShift.png,0837_RealESRGAN.png,0837_ResShift.png,5
2642,6987,0837_BSRGAN.png,0837_RealESRGAN.png,0837_RealESRGAN.png,7
2642,6987,0837_RealESRGAN.png,0837_SwinIR.png,0837_SwinIR.png,11
2642,6987,0862_SwinIR.png,0862_BSRGAN.png,0862_SwinIR.png,13
2642,6987,0862_ResShift.png,0862_BSRGAN.png,0862_ResShift.png,9
2642,6987,0862_RealESRGAN.png,0862_BSRGAN.png,0862_BSRGAN.png,5
2642,6987,0862_SwinIR.png,0862_RealESRGAN.png,0862_SwinIR.png,6
2642,6987,0862_SwinIR.png,0862_ResShift.png,0862_SwinIR.png,6
2642,6987,0862_ResShift.png,0862_RealESRGAN.png,0862_RealESRGAN.png,5
2642,6987,0809_RealESRGAN.png,0809_SwinIR.png,0809_SwinIR.png,11
2642,6987,0809_SwinIR.png,0809_BSRGAN.png,0809_SwinIR.png,8
2642,6987,0809_ResShift.png,0809_RealESRGAN.png,0809_ResShift.png,3
2642,6987,0809_SwinIR.png,0809_ResShift.png,0809_SwinIR.png,6
2642,6987,0809_RealESRGAN.png,0809_BSRGAN.png,0809_BSRGAN.png,3
2642,6987,0809_BSRGAN.png,0809_ResShift.png,0809_ResShift.png,7
2642,6987,0814_RealESRGAN.png,0814_BSRGAN.png,0814_RealESRGAN.png,13
2642,6987,0814_RealESRGAN.png,0814_ResShift.png,0814_RealESRGAN.png,7
2642,6987,0814_BSRGAN.png,0814_ResShift.png,0814_ResShift.png,6
2642,6987,0814_BSRGAN.png,0814_SwinIR.png,0814_SwinIR.png,4
2642,6987,0814_SwinIR.png,0814_ResShift.png,0814_ResShift.png,4
2642,6987,0814_RealESRGAN.png,0814_SwinIR.png,0814_SwinIR.png,5
,,,,,
Inputs meta data,,,,,
id,input title,,,,
2517,Name,,,,
2518,Age,,,,
,,,,,
Inputs results,,,,,
observer,input title,answer,,,
2644,Name,akmaral,,,
2644,Age,24,,,
2562,Name,Muhammad Zeeshan,,,
2562,Age,26,,,
2562,Name,Kashif Ali,,,
2562,Age,25,,,
2562,Name,Mengstab,,,
2562,Age,29,,,
2644,Name,Lana,,,
2644,Age,23,,,
2642,Name,Abdullah Al Ryan,,,
2642,Age,25,,,
2642,Name,Anirban Das,,,
2642,Age,26,,,
2642,Name,Taekyung Kim,,,
2642,Age,26,,,
2642,Name,kimia,,,
2642,Age,27,,,
2642,Name,Anna,,,
2642,Age,23,,,
2642,Name,Thomas,,,
2642,Age,22,,,
2642,Name,putri,,,
2642,Age,23,,,
2642,Name,Luis,,,
2642,Age,25,,,
2642,Name,Christopher,,,
2642,Age,29,,,
2642,Name,Rosita Aguirre,,,
2642,Age,23,,,
